{"etot": -89.52623637784413, "local": 0.7559089710586298, "go": -0.5466526202968442, "repul": 0.0034448725852903104, "stack": -24.753728150141406, "hbond": -65.30081589690789, "elect": 0.3156064458666495, "afmfit": 0.011983520586793448, "afmcc": 0.9797366713010384, "cc7xEtot": -77.68856253353182}
