{"etot": 4.738259424975382, "local": 0.05799346138620562, "go": 0.06518652238198405, "repul": 0.002232844330947573, "stack": 1.3400333056151308, "hbond": 3.8217584996851106, "elect": 0.01724007296993874, "afmfit": 0.006704573509606027, "afmcc": 0.011336983793161127, "cc7xEtot": 6.156980277766519}
